id,prediction
63,4
823,0
1409,1
189,2
77,0
837,4
1353,3
1435,3
1421,3
1347,4
638,3
1390,1
604,0
162,1
176,3
88,4
610,3
1384,4
1179,3
1637,0
1151,0
1145,1
1623,4
348,4
360,2
406,1
1192,3
1186,3
412,3
374,2
1019,3
599,4
1025,0
1031,3
228,3
214,4
572,4
566,3
200,0
957,0
1569,2
943,0
1227,1
1541,0
1555,4
1233,0
994,1
758,2
980,3
770,4
1582,4
1596,0
764,0
1597,0
765,4
771,4
1583,4
981,0
759,4
995,4
1554,3
1232,3
1226,3
1540,1
1568,4
942,2
956,4
567,1
201,2
215,1
573,2
229,0
1030,1
1024,0
598,4
1018,1
413,4
1187,3
375,4
361,2
1193,4
407,2
349,4
1144,4
1622,2
1636,4
1150,3
1178,1
177,4
1385,4
611,3
89,4
605,2
1391,0
163,4
639,0
1420,0
1346,1
1352,4
1434,3
188,3
836,3
76,3
822,0
62,4
1408,3
74,3
1378,0
834,0
60,3
820,0
48,2
1344,3
808,2
1422,3
1436,2
1350,0
149,4
613,0
1387,3
175,2
161,1
1393,3
607,4
388,4
1608,4
1620,1
1146,0
1152,4
1634,0
439,3
377,4
1185,2
411,1
405,3
1191,1
363,3
1032,0
1026,3
559,0
203,4
565,0
571,3
217,4
940,3
798,0
954,0
1218,1
1230,0
1556,0
1542,0
968,3
1224,2
983,4
997,3
767,3
1595,1
1581,0
773,3
1580,2
772,0
766,3
1594,3
996,4
982,1
1543,3
1225,0
969,4
1231,2
1557,2
1219,4
955,2
799,3
941,0
570,0
216,0
202,0
564,3
558,3
1027,0
1033,3
1190,3
404,3
362,1
376,1
410,1
1184,1
438,4
1153,4
1635,2
1621,2
1147,3
1609,3
389,0
160,3
606,0
1392,2
1386,0
612,0
174,1
148,0
1437,3
1351,3
809,4
1345,0
49,4
1423,3
821,4
61,3
835,3
1379,4
75,0
1427,4
1341,3
1355,3
59,4
819,0
1433,1
71,0
831,4
1369,2
65,0
825,3
170,3
616,0
1382,4
1396,3
602,4
164,1
158,0
1143,0
1625,2
1631,0
1157,0
1619,0
399,3
1180,2
414,3
372,0
366,4
400,1
1194,3
428,1
1037,4
1023,3
560,4
206,4
212,0
574,1
548,0
1553,4
979,3
1235,0
1221,4
1547,0
945,2
1209,0
951,2
789,0
1590,0
762,4
776,1
1584,0
986,3
992,4
993,3
987,0
777,3
1585,3
1591,4
763,3
788,1
950,0
1208,2
944,3
1220,4
1546,1
1552,0
1234,1
978,0
549,2
213,4
575,4
561,1
207,0
1022,4
1036,0
429,4
367,3
1195,2
401,0
415,0
1181,0
373,2
398,3
1618,4
1630,0
1156,1
1142,3
1624,4
159,0
603,3
1397,3
165,3
171,2
1383,2
617,0
824,4
64,2
1368,3
830,0
70,3
818,1
58,3
1354,4
1432,3
1426,0
1340,0
1430,1
8,2
1356,3
1342,3
1424,0
198,0
66,3
826,0
72,3
832,4
1418,4
167,0
1395,3
601,1
99,1
615,4
1381,0
173,4
629,1
1154,3
1632,3
1626,0
1140,2
1168,3
403,3
1197,0
365,3
371,0
1183,4
417,3
359,4
1020,1
1034,0
588,4
1008,1
577,0
211,2
205,4
563,3
239,0
1544,0
1222,2
1236,0
1550,4
1578,2
952,4
946,1
1587,1
775,0
761,4
1593,4
749,3
991,0
985,4
984,0
990,1
748,4
760,2
1592,4
1586,1
774,3
947,0
1579,3
953,1
1237,0
1551,2
1545,2
1223,0
238,3
204,2
562,4
576,3
210,1
1009,2
589,4
1035,4
1021,0
358,0
370,1
416,4
1182,3
1196,2
402,1
364,0
1169,4
1627,0
1141,3
1155,2
1633,3
628,1
1380,4
614,1
172,0
166,4
98,1
600,4
1394,2
833,1
73,1
1419,2
199,4
827,2
67,3
1343,1
1425,0
9,0
1431,2
1357,2
698,2
840,0
14,1
1318,0
854,0
1456,3
1330,3
28,3
1324,2
868,1
1442,4
883,2
897,3
129,3
1495,0
101,0
667,1
673,2
115,2
1481,3
1668,0
1132,0
1654,0
1640,2
1126,1
459,3
465,0
303,2
1697,3
1683,3
317,3
471,0
288,3
1708,4
1046,0
1052,0
539,0
511,3
1085,0
277,3
263,4
1091,3
505,4
934,1
1278,1
920,3
1522,3
908,2
1244,2
1250,1
1536,0
1287,3
713,4
707,4
1293,0
1292,0
706,3
712,3
1286,2
1251,0
1537,3
1523,2
1245,1
909,1
921,0
1279,1
935,3
262,0
504,0
1090,2
1084,4
510,2
276,1
538,3
1053,3
1047,3
1709,4
289,1
316,4
1682,2
470,4
464,0
1696,0
302,3
458,4
1641,1
1127,3
1133,2
1655,4
1669,3
672,1
1480,2
114,3
100,3
1494,3
666,1
896,0
128,1
882,0
869,2
1325,3
29,4
1443,4
1457,2
1331,0
855,3
1319,4
15,4
841,4
699,1
17,0
857,0
843,0
1469,3
1441,2
1327,3
1333,0
1455,1
894,1
880,4
658,0
116,3
1482,3
670,1
664,2
1496,0
102,3
1119,3
499,3
1125,0
1643,0
1657,3
1131,3
328,2
472,3
1680,0
314,3
300,3
1694,4
466,1
1079,0
1051,0
1045,0
248,3
1092,0
506,2
260,2
274,4
512,0
1086,1
1509,3
923,2
937,0
1535,4
1253,3
1247,1
1521,0
738,1
704,1
1290,4
1284,0
710,3
711,0
1285,4
1291,4
705,4
739,2
1246,1
1520,3
1534,0
1252,0
936,4
1508,3
922,0
275,1
1087,0
513,4
507,1
1093,3
261,4
249,0
1044,4
1050,4
1078,4
1695,1
301,3
467,4
473,3
315,3
1681,3
329,2
1656,4
1130,0
1124,0
1642,0
498,0
1118,4
665,3
103,0
1497,0
1483,3
117,0
671,3
659,4
881,2
895,3
1332,1
1454,2
1440,2
1326,3
842,0
1468,2
856,0
16,3
1322,3
1444,2
1450,0
1336,4
12,4
852,3
1478,4
846,1
675,1
113,0
1487,2
1493,0
107,2
661,3
891,3
649,4
885,0
1646,3
1120,4
1134,0
1652,1
488,4
1108,1
1685,0
311,0
477,3
463,4
305,2
1691,0
339,2
1054,3
1040,4
1068,3
265,4
1097,4
503,0
517,3
1083,4
271,2
259,2
1256,0
1530,4
1524,0
1242,2
926,0
1518,4
932,0
701,0
1295,2
1281,4
715,3
729,2
728,4
714,1
1280,4
1294,2
700,1
1519,4
933,3
927,0
1525,2
1243,3
1257,0
1531,0
258,4
1082,1
516,0
270,3
264,3
502,0
1096,4
1069,3
1041,0
1055,4
338,0
462,4
1690,2
304,1
310,1
1684,3
476,0
1109,2
489,0
1135,1
1653,1
1647,0
1121,0
884,2
648,1
890,4
106,3
1492,2
660,3
674,4
1486,0
112,2
847,3
853,1
13,4
1479,3
1451,4
1337,3
1323,3
1445,2
1335,0
39,0
879,3
1453,0
1447,1
1321,0
1309,4
845,2
689,0
11,2
851,2
662,4
1490,3
104,4
110,4
1484,2
676,0
886,0
138,0
892,0
1651,4
1137,3
1123,4
1645,1
1679,0
306,3
1692,0
460,3
474,4
1686,3
312,1
448,3
1043,3
1057,2
299,3
272,4
514,3
1080,1
1094,2
500,0
266,4
528,4
1241,4
1527,0
1533,0
919,1
1255,4
931,4
925,3
1269,0
1282,1
716,4
702,1
1296,0
1297,2
703,4
717,2
1283,3
1268,0
924,0
930,0
1532,4
1254,4
918,1
1240,3
1526,1
529,3
501,3
1095,2
267,2
273,0
1081,2
515,3
298,3
1056,4
1042,1
449,1
475,1
313,3
1687,0
1693,4
307,1
461,1
1678,4
1122,0
1644,0
1650,3
1136,0
893,0
887,0
139,0
1485,1
111,1
677,4
663,2
105,4
1491,2
850,4
10,4
688,0
844,0
1308,4
1446,3
1320,3
878,4
38,0
1334,3
1452,3
21,0
861,1
35,4
1339,4
875,4
1477,0
685,0
1311,3
1305,4
691,0
849,0
1463,0
1488,2
108,3
120,0
646,4
652,3
134,0
1649,3
1113,3
487,3
1675,3
1661,1
493,3
1107,0
478,4
444,0
322,2
336,3
450,0
1067,0
1701,4
295,4
281,3
1073,3
1098,3
518,0
530,3
256,4
242,0
524,3
915,0
1259,4
901,0
1503,3
929,2
1265,3
1271,2
1517,2
732,3
726,3
727,2
733,4
1270,1
1516,2
1502,4
1264,0
928,2
900,1
1258,3
914,4
243,2
525,4
531,3
257,4
519,2
1099,0
280,0
1072,1
1066,4
294,1
1700,4
337,4
451,0
445,1
323,4
479,2
1660,0
1106,2
492,0
486,2
1112,0
1674,0
1648,3
653,4
135,0
121,3
647,1
109,4
1489,3
848,3
690,0
1304,0
1462,1
1476,0
1310,3
684,3
874,2
1338,2
34,2
860,2
20,1
36,0
876,4
22,4
862,1
1448,4
1460,4
1306,3
692,3
686,3
1312,1
1474,0
679,3
137,3
889,3
651,4
645,2
123,4
1138,4
490,1
1104,3
1662,4
1676,0
1110,4
484,3
309,4
1689,4
453,0
335,4
321,3
447,3
1058,0
1070,2
282,4
1702,1
296,3
1064,3
269,3
527,2
241,0
255,3
533,3
1528,3
902,2
916,1
1514,0
1272,4
1266,3
1500,2
719,3
1299,4
725,3
731,4
730,3
724,0
1298,2
718,0
1267,1
1501,3
1515,2
1273,2
917,4
1529,3
903,1
254,1
532,4
526,2
240,4
268,4
297,4
1703,2
1065,2
1071,0
283,1
1059,2
320,3
446,3
452,4
334,3
1688,2
308,0
1677,0
485,0
1111,2
1105,3
491,4
1663,2
1139,3
644,4
122,4
136,4
650,0
888,1
678,3
1313,3
687,1
1475,1
1461,1
693,3
1307,3
863,4
23,0
1449,4
877,3
37,0
1303,4
697,0
1465,3
1471,3
683,2
1317,3
33,4
873,0
1459,3
27,4
867,0
654,0
132,3
126,4
898,0
640,1
668,2
1667,3
495,0
1101,4
1115,0
481,3
1673,1
1129,4
330,3
456,1
442,0
324,2
1698,1
318,1
287,0
1075,3
1061,0
1707,4
293,0
1049,3
244,1
522,4
536,4
250,4
278,0
1277,0
1511,1
1505,3
1263,3
907,4
1539,3
913,0
720,2
734,4
1288,1
708,0
709,4
1289,3
735,0
721,0
1538,3
912,0
906,0
1504,3
1262,3
1276,2
1510,4
279,4
537,4
251,4
245,1
523,4
1048,0
1060,1
292,0
1706,4
286,0
1074,1
319,3
1699,1
443,1
325,0
331,2
457,3
1128,3
480,3
1114,2
1672,4
1666,4
1100,2
494,2
669,0
127,4
641,0
899,4
655,2
133,3
866,3
26,2
872,0
32,3
1458,0
1470,0
1316,4
682,3
696,4
1302,1
1464,2
680,0
1314,1
18,4
858,0
1472,0
1466,3
1300,0
694,0
1328,2
24,0
864,2
30,4
870,0
643,3
125,2
131,0
657,2
119,4
1499,3
1670,2
1116,4
482,0
496,1
1102,4
1664,4
1658,4
327,3
441,0
455,0
333,1
469,0
1704,3
290,4
1062,4
1076,3
284,4
1710,0
253,2
535,0
521,2
247,1
509,4
1089,0
1260,0
1506,3
1512,3
938,0
1274,1
910,0
904,4
1248,2
737,4
723,4
722,1
736,4
1249,0
905,2
911,3
1513,3
1275,3
939,0
1261,1
1507,2
1088,3
508,4
520,2
246,2
252,4
534,3
1077,0
285,0
291,4
1705,4
1063,1
468,3
454,0
332,0
326,3
440,3
1659,0
1103,4
497,3
1665,2
1671,1
483,0
1117,4
1498,0
118,0
130,4
656,2
642,0
124,0
871,3
31,4
865,3
25,3
1329,4
1467,4
695,3
1301,0
859,1
19,3
1315,4
681,1
1473,4
42,4
802,4
1428,0
4,0
56,3
816,4
1372,0
180,1
1414,3
1400,1
194,0
1366,4
81,0
619,2
95,2
1399,3
625,4
143,0
157,0
631,4
1158,4
1616,1
382,1
1170,1
1164,0
396,1
1602,1
369,0
341,3
427,0
433,2
355,3
1038,3
1004,1
590,0
584,0
1010,3
209,3
235,2
553,0
547,4
221,4
976,2
1548,2
962,4
792,0
1206,0
1560,2
1574,3
1212,1
786,4
779,0
751,3
989,3
745,0
744,1
988,1
750,3
778,0
1575,4
787,0
1213,2
1207,2
793,0
1561,4
1549,0
963,4
977,3
546,0
220,3
234,3
552,2
208,3
1011,1
585,1
591,1
1005,1
1039,3
432,4
354,4
340,1
426,3
368,0
1165,0
1603,3
397,0
383,1
1617,0
1171,1
1159,3
156,2
630,0
624,0
142,3
1398,1
94,0
618,2
80,2
195,1
1401,3
1367,3
1373,4
1415,4
181,3
5,0
817,0
57,2
803,3
43,0
1429,0
55,3
1359,3
815,1
7,2
41,1
801,4
69,0
1365,0
829,2
1403,1
197,4
183,0
1417,0
1371,4
96,2
168,3
82,3
632,1
154,3
140,1
626,3
1629,3
395,1
1601,4
1167,0
1173,2
1615,3
381,2
1198,4
418,0
356,3
430,3
424,1
342,1
587,0
1013,1
1007,1
593,0
578,3
222,4
544,4
550,3
236,1
961,0
975,3
1239,3
1211,0
785,0
1577,3
1563,0
949,0
791,0
1205,4
1588,4
746,0
752,4
753,3
747,3
1589,4
1562,2
1204,4
790,4
948,3
784,0
1210,4
1576,3
1238,4
974,3
960,0
551,3
237,2
223,3
545,4
579,4
592,3
1006,4
1012,4
586,0
425,3
343,4
357,0
431,0
419,1
1199,2
1172,0
380,3
1614,1
1600,4
394,4
1166,1
1628,4
141,0
627,3
633,2
155,4
83,0
97,0
169,3
1416,4
182,0
1370,3
828,1
1364,3
68,4
196,3
1402,2
800,4
40,1
814,3
1358,1
54,0
6,0
1406,3
192,3
1360,0
1374,0
78,0
838,3
186,3
1412,3
2,3
50,1
810,3
1348,0
44,4
804,2
151,2
637,4
623,0
145,3
93,3
87,2
179,1
1162,2
390,1
1604,1
1610,2
384,1
1176,2
1638,2
435,4
353,0
347,0
421,0
409,4
1189,3
582,1
1016,0
1002,3
596,3
541,0
227,1
233,0
555,1
569,0
1572,0
958,0
1214,3
780,4
794,0
1200,0
1566,4
964,0
1228,1
970,1
743,4
757,3
1599,0
1598,3
756,3
742,4
971,3
1229,3
965,2
1201,4
795,4
1567,4
1573,4
781,4
1215,4
959,0
568,0
232,4
554,0
540,3
226,3
597,0
1003,3
1017,0
583,4
1188,4
408,0
346,0
420,3
434,4
352,2
1639,3
385,3
1611,4
1177,0
1163,1
1605,2
391,4
86,1
178,0
92,1
622,1
144,0
150,4
636,3
805,0
45,0
1349,4
3,3
811,4
51,2
839,0
79,2
1375,3
1413,3
187,1
193,2
1407,0
1361,3
185,4
1411,1
1377,3
1363,0
1405,4
191,4
47,0
807,1
53,0
813,3
1,4
1439,4
146,3
620,4
634,4
152,0
1388,3
84,4
608,4
90,2
1175,0
1613,3
387,4
393,0
1607,0
1161,3
1149,4
422,1
344,0
350,3
436,0
378,3
1001,2
595,0
581,3
1015,4
1029,1
556,0
230,2
224,1
542,3
218,0
1565,1
797,3
1203,2
1217,4
783,3
1571,4
1559,3
973,0
967,2
754,2
740,3
998,4
768,1
769,3
999,0
741,4
755,1
966,4
1558,3
972,2
782,3
1216,1
1570,0
1564,0
1202,1
796,4
219,1
225,3
543,1
557,1
231,0
1028,0
1014,0
580,2
594,4
1000,4
379,0
351,1
437,0
423,1
345,4
1148,3
1606,3
392,0
1160,0
1174,0
386,3
1612,4
91,2
609,2
85,0
1389,0
635,3
153,3
147,3
621,3
812,3
52,0
1438,1
806,1
46,1
1362,4
190,1
1404,1
1410,4
184,1
1376,4
